P_model,R_model,F1_model_micro,F1_model_macro,F1_model_micro_boot,F1_model_micro_boost_graph,F1_model_macro_boot,F1_pairwise_model,Query,Query_Label,Strategy,Labeled_Set_Size
0.11,0.849,0.195,0.284,0.205,0.195,0.25033333333333335,"{'sillworks_tweakers': 0.28, 'harddrivesdirect_tweakers': 0.426, 'harddrivesdirect_sillworks': 0.228, 'usapartsdirect_sillworks': 0.154, 'usapartsdirect_harddrivesdirect': 0.173, 'usapartsdirect_tweakers': 0.443}",usapartsdirect_12501497-sillworks_4101068,False,disagreement,13
0.202,0.877,0.328,0.4878333333333334,0.206,0.328,0.2555,"{'sillworks_tweakers': 0.643, 'harddrivesdirect_tweakers': 0.663, 'harddrivesdirect_sillworks': 0.34, 'usapartsdirect_sillworks': 0.262, 'usapartsdirect_harddrivesdirect': 0.307, 'usapartsdirect_tweakers': 0.712}",usapartsdirect_17297499-harddrivesdirect_15568603,False,disagreement,14
0.495,0.78,0.606,0.6519999999999999,0.207,0.606,0.25766666666666665,"{'sillworks_tweakers': 0.702, 'harddrivesdirect_tweakers': 0.698, 'harddrivesdirect_sillworks': 0.586, 'usapartsdirect_sillworks': 0.587, 'usapartsdirect_harddrivesdirect': 0.598, 'usapartsdirect_tweakers': 0.741}",harddrivesdirect_13722392-sillworks_12370117,False,disagreement,15
0.509,0.804,0.624,0.665,0.208,0.624,0.26066666666666666,"{'sillworks_tweakers': 0.709, 'harddrivesdirect_tweakers': 0.719, 'harddrivesdirect_sillworks': 0.624, 'usapartsdirect_sillworks': 0.6, 'usapartsdirect_harddrivesdirect': 0.597, 'usapartsdirect_tweakers': 0.741}",usapartsdirect_2237517-sillworks_5984769,False,disagreement,16
0.648,0.788,0.711,0.6963333333333334,0.208,0.711,0.26049999999999995,"{'sillworks_tweakers': 0.634, 'harddrivesdirect_tweakers': 0.648, 'harddrivesdirect_sillworks': 0.722, 'usapartsdirect_sillworks': 0.721, 'usapartsdirect_harddrivesdirect': 0.712, 'usapartsdirect_tweakers': 0.741}",usapartsdirect_15060760-harddrivesdirect_5480631,True,disagreement,17
0.804,0.742,0.772,0.751,0.209,0.772,0.26466666666666666,"{'sillworks_tweakers': 0.713, 'harddrivesdirect_tweakers': 0.698, 'harddrivesdirect_sillworks': 0.786, 'usapartsdirect_sillworks': 0.793, 'usapartsdirect_harddrivesdirect': 0.775, 'usapartsdirect_tweakers': 0.741}",usapartsdirect_7377519-sillworks_14580947,False,disagreement,18
0.623,0.854,0.721,0.7166666666666667,0.21,0.721,0.26500000000000007,"{'sillworks_tweakers': 0.702, 'harddrivesdirect_tweakers': 0.698, 'harddrivesdirect_sillworks': 0.75, 'usapartsdirect_sillworks': 0.711, 'usapartsdirect_harddrivesdirect': 0.698, 'usapartsdirect_tweakers': 0.741}",usapartsdirect_12961750-harddrivesdirect_2416373,True,disagreement,19
0.734,0.785,0.759,0.7465,0.214,0.759,0.2776666666666667,"{'sillworks_tweakers': 0.709, 'harddrivesdirect_tweakers': 0.725, 'harddrivesdirect_sillworks': 0.779, 'usapartsdirect_sillworks': 0.765, 'usapartsdirect_harddrivesdirect': 0.749, 'usapartsdirect_tweakers': 0.752}",harddrivesdirect_5613708-sillworks_1853356,False,disagreement,20
0.818,0.738,0.776,0.7291666666666666,0.214,0.776,0.2778333333333333,"{'sillworks_tweakers': 0.599, 'harddrivesdirect_tweakers': 0.663, 'harddrivesdirect_sillworks': 0.806, 'usapartsdirect_sillworks': 0.817, 'usapartsdirect_harddrivesdirect': 0.782, 'usapartsdirect_tweakers': 0.708}",usapartsdirect_547979-harddrivesdirect_4386614,False,disagreement,21
0.884,0.723,0.796,0.7695,0.237,0.796,0.30350000000000005,"{'sillworks_tweakers': 0.713, 'harddrivesdirect_tweakers': 0.719, 'harddrivesdirect_sillworks': 0.813, 'usapartsdirect_sillworks': 0.842, 'usapartsdirect_harddrivesdirect': 0.789, 'usapartsdirect_tweakers': 0.741}",harddrivesdirect_10064860-sillworks_13889085,False,disagreement,22
0.947,0.576,0.716,0.7141666666666665,0.237,0.716,0.304,"{'sillworks_tweakers': 0.698, 'harddrivesdirect_tweakers': 0.691, 'harddrivesdirect_sillworks': 0.719, 'usapartsdirect_sillworks': 0.711, 'usapartsdirect_harddrivesdirect': 0.725, 'usapartsdirect_tweakers': 0.741}",usapartsdirect_11640098-harddrivesdirect_4720693,False,disagreement,23
0.93,0.673,0.781,0.7616666666666667,0.292,0.781,0.3755,"{'sillworks_tweakers': 0.713, 'harddrivesdirect_tweakers': 0.719, 'harddrivesdirect_sillworks': 0.796, 'usapartsdirect_sillworks': 0.804, 'usapartsdirect_harddrivesdirect': 0.786, 'usapartsdirect_tweakers': 0.752}",usapartsdirect_15214887-harddrivesdirect_12515242,True,disagreement,24
0.893,0.726,0.801,0.7679999999999999,0.284,0.801,0.34800000000000003,"{'sillworks_tweakers': 0.698, 'harddrivesdirect_tweakers': 0.705, 'harddrivesdirect_sillworks': 0.828, 'usapartsdirect_sillworks': 0.831, 'usapartsdirect_harddrivesdirect': 0.805, 'usapartsdirect_tweakers': 0.741}",usapartsdirect_14528116-sillworks_16367344,True,disagreement,25
0.88,0.744,0.806,0.7760000000000001,0.384,0.806,0.442,"{'sillworks_tweakers': 0.702, 'harddrivesdirect_tweakers': 0.725, 'harddrivesdirect_sillworks': 0.834, 'usapartsdirect_sillworks': 0.841, 'usapartsdirect_harddrivesdirect': 0.802, 'usapartsdirect_tweakers': 0.752}",usapartsdirect_7867387-sillworks_10893590,True,disagreement,26
0.853,0.779,0.814,0.7806666666666667,0.327,0.814,0.4133333333333334,"{'sillworks_tweakers': 0.717, 'harddrivesdirect_tweakers': 0.725, 'harddrivesdirect_sillworks': 0.837, 'usapartsdirect_sillworks': 0.838, 'usapartsdirect_harddrivesdirect': 0.826, 'usapartsdirect_tweakers': 0.741}",usapartsdirect_13687511-sillworks_6683223,True,disagreement,27
0.865,0.737,0.796,0.7318333333333333,0.42,0.796,0.5178333333333334,"{'sillworks_tweakers': 0.603, 'harddrivesdirect_tweakers': 0.618, 'harddrivesdirect_sillworks': 0.829, 'usapartsdirect_sillworks': 0.857, 'usapartsdirect_harddrivesdirect': 0.811, 'usapartsdirect_tweakers': 0.673}",harddrivesdirect_6340908-tweakers_3394690,False,disagreement,28
0.844,0.786,0.814,0.7738333333333333,0.363,0.814,0.4801666666666667,"{'sillworks_tweakers': 0.706, 'harddrivesdirect_tweakers': 0.677, 'harddrivesdirect_sillworks': 0.833, 'usapartsdirect_sillworks': 0.865, 'usapartsdirect_harddrivesdirect': 0.821, 'usapartsdirect_tweakers': 0.741}",usapartsdirect_10001558-harddrivesdirect_8524060,True,disagreement,29
0.815,0.768,0.791,0.7328333333333333,0.39,0.791,0.5091666666666667,"{'sillworks_tweakers': 0.59, 'harddrivesdirect_tweakers': 0.618, 'harddrivesdirect_sillworks': 0.818, 'usapartsdirect_sillworks': 0.848, 'usapartsdirect_harddrivesdirect': 0.804, 'usapartsdirect_tweakers': 0.719}",usapartsdirect_10584911-harddrivesdirect_14231911,True,disagreement,30
0.812,0.792,0.802,0.7656666666666667,0.391,0.802,0.5138333333333334,"{'sillworks_tweakers': 0.706, 'harddrivesdirect_tweakers': 0.684, 'harddrivesdirect_sillworks': 0.829, 'usapartsdirect_sillworks': 0.833, 'usapartsdirect_harddrivesdirect': 0.801, 'usapartsdirect_tweakers': 0.741}",usapartsdirect_1135550-sillworks_4260238,False,disagreement,31
0.784,0.801,0.793,0.7516666666666666,0.474,0.793,0.562,"{'sillworks_tweakers': 0.706, 'harddrivesdirect_tweakers': 0.641, 'harddrivesdirect_sillworks': 0.816, 'usapartsdirect_sillworks': 0.823, 'usapartsdirect_harddrivesdirect': 0.805, 'usapartsdirect_tweakers': 0.719}",harddrivesdirect_9177003-sillworks_13196410,True,disagreement,32
0.687,0.826,0.75,0.733,0.449,0.75,0.5433333333333333,"{'sillworks_tweakers': 0.69, 'harddrivesdirect_tweakers': 0.691, 'harddrivesdirect_sillworks': 0.759, 'usapartsdirect_sillworks': 0.763, 'usapartsdirect_harddrivesdirect': 0.754, 'usapartsdirect_tweakers': 0.741}",harddrivesdirect_15583927-sillworks_9250794,True,disagreement,33
0.779,0.762,0.77,0.7075,0.507,0.806,0.5781666666666667,"{'sillworks_tweakers': 0.571, 'harddrivesdirect_tweakers': 0.61, 'harddrivesdirect_sillworks': 0.807, 'usapartsdirect_sillworks': 0.815, 'usapartsdirect_harddrivesdirect': 0.781, 'usapartsdirect_tweakers': 0.661}",usapartsdirect_11640098-harddrivesdirect_12742206,False,disagreement_post_graph,34
0.786,0.73,0.757,0.669,0.508,0.804,0.5818333333333333,"{'sillworks_tweakers': 0.483, 'harddrivesdirect_tweakers': 0.553, 'harddrivesdirect_sillworks': 0.798, 'usapartsdirect_sillworks': 0.813, 'usapartsdirect_harddrivesdirect': 0.784, 'usapartsdirect_tweakers': 0.583}",usapartsdirect_12229536-harddrivesdirect_10233576,True,disagreement_post_graph,35
0.793,0.758,0.776,0.7401666666666666,0.564,0.778,0.6146666666666667,"{'sillworks_tweakers': 0.65, 'harddrivesdirect_tweakers': 0.663, 'harddrivesdirect_sillworks': 0.801, 'usapartsdirect_sillworks': 0.81, 'usapartsdirect_harddrivesdirect': 0.776, 'usapartsdirect_tweakers': 0.741}",usapartsdirect_4903944-harddrivesdirect_9269878,False,disagreement_post_graph,36
0.799,0.758,0.778,0.6996666666666668,0.556,0.8,0.6111666666666666,"{'sillworks_tweakers': 0.599, 'harddrivesdirect_tweakers': 0.618, 'harddrivesdirect_sillworks': 0.816, 'usapartsdirect_sillworks': 0.829, 'usapartsdirect_harddrivesdirect': 0.796, 'usapartsdirect_tweakers': 0.54}",usapartsdirect_9805454-harddrivesdirect_4208979,True,disagreement_post_graph,37
0.805,0.757,0.78,0.7305,0.607,0.797,0.6338333333333334,"{'sillworks_tweakers': 0.634, 'harddrivesdirect_tweakers': 0.641, 'harddrivesdirect_sillworks': 0.809, 'usapartsdirect_sillworks': 0.824, 'usapartsdirect_harddrivesdirect': 0.79, 'usapartsdirect_tweakers': 0.685}",usapartsdirect_14268861-harddrivesdirect_7670605,False,disagreement_post_graph,38
0.804,0.766,0.784,0.7635,0.598,0.803,0.6423333333333333,"{'sillworks_tweakers': 0.717, 'harddrivesdirect_tweakers': 0.719, 'harddrivesdirect_sillworks': 0.799, 'usapartsdirect_sillworks': 0.822, 'usapartsdirect_harddrivesdirect': 0.772, 'usapartsdirect_tweakers': 0.752}",harddrivesdirect_9269878-sillworks_13285765,True,disagreement_post_graph,39
0.77,0.828,0.798,0.7639999999999999,0.639,0.794,0.6593333333333334,"{'sillworks_tweakers': 0.705, 'harddrivesdirect_tweakers': 0.684, 'harddrivesdirect_sillworks': 0.817, 'usapartsdirect_sillworks': 0.833, 'usapartsdirect_harddrivesdirect': 0.799, 'usapartsdirect_tweakers': 0.746}",usapartsdirect_9327667-sillworks_11824385,True,disagreement_post_graph,40
0.768,0.821,0.794,0.7598333333333334,0.618,0.835,0.6476666666666667,"{'sillworks_tweakers': 0.702, 'harddrivesdirect_tweakers': 0.684, 'harddrivesdirect_sillworks': 0.815, 'usapartsdirect_sillworks': 0.811, 'usapartsdirect_harddrivesdirect': 0.806, 'usapartsdirect_tweakers': 0.741}",usapartsdirect_11992940-harddrivesdirect_16466481,False,disagreement_post_graph,41
0.809,0.823,0.816,0.7673333333333333,0.647,0.826,0.6421666666666667,"{'sillworks_tweakers': 0.698, 'harddrivesdirect_tweakers': 0.663, 'harddrivesdirect_sillworks': 0.844, 'usapartsdirect_sillworks': 0.852, 'usapartsdirect_harddrivesdirect': 0.828, 'usapartsdirect_tweakers': 0.719}",usapartsdirect_15066923-sillworks_4188703,False,disagreement_post_graph,42
0.796,0.814,0.805,0.7728333333333333,0.648,0.831,0.6421666666666667,"{'sillworks_tweakers': 0.698, 'harddrivesdirect_tweakers': 0.719, 'harddrivesdirect_sillworks': 0.822, 'usapartsdirect_sillworks': 0.831, 'usapartsdirect_harddrivesdirect': 0.815, 'usapartsdirect_tweakers': 0.752}",usapartsdirect_12969501-sillworks_17076232,False,disagreement_post_graph,43
0.815,0.79,0.802,0.7374999999999999,0.672,0.82,0.6543333333333333,"{'sillworks_tweakers': 0.612, 'harddrivesdirect_tweakers': 0.633, 'harddrivesdirect_sillworks': 0.833, 'usapartsdirect_sillworks': 0.853, 'usapartsdirect_harddrivesdirect': 0.821, 'usapartsdirect_tweakers': 0.673}",harddrivesdirect_13253856-sillworks_5622739,True,disagreement_post_graph,44
0.796,0.81,0.803,0.7661666666666666,0.668,0.823,0.6531666666666668,"{'sillworks_tweakers': 0.698, 'harddrivesdirect_tweakers': 0.684, 'harddrivesdirect_sillworks': 0.816, 'usapartsdirect_sillworks': 0.836, 'usapartsdirect_harddrivesdirect': 0.822, 'usapartsdirect_tweakers': 0.741}",harddrivesdirect_6914260-sillworks_6456285,True,disagreement_post_graph,45
0.753,0.81,0.781,0.7246666666666668,0.691,0.822,0.6506666666666666,"{'sillworks_tweakers': 0.625, 'harddrivesdirect_tweakers': 0.633, 'harddrivesdirect_sillworks': 0.81, 'usapartsdirect_sillworks': 0.802, 'usapartsdirect_harddrivesdirect': 0.805, 'usapartsdirect_tweakers': 0.673}",usapartsdirect_13858241-harddrivesdirect_13313461,True,disagreement_post_graph,46
0.788,0.836,0.811,0.7706666666666666,0.683,0.793,0.6648333333333333,"{'sillworks_tweakers': 0.698, 'harddrivesdirect_tweakers': 0.691, 'harddrivesdirect_sillworks': 0.84, 'usapartsdirect_sillworks': 0.823, 'usapartsdirect_harddrivesdirect': 0.831, 'usapartsdirect_tweakers': 0.741}",harddrivesdirect_5711368-sillworks_14333224,False,disagreement_post_graph,47
0.805,0.833,0.819,0.7773333333333333,0.703,0.832,0.6606666666666666,"{'sillworks_tweakers': 0.713, 'harddrivesdirect_tweakers': 0.705, 'harddrivesdirect_sillworks': 0.849, 'usapartsdirect_sillworks': 0.838, 'usapartsdirect_harddrivesdirect': 0.829, 'usapartsdirect_tweakers': 0.73}",usapartsdirect_14855511-harddrivesdirect_9668009,False,disagreement_post_graph,48
0.839,0.828,0.833,0.7938333333333333,0.707,0.838,0.6769999999999999,"{'sillworks_tweakers': 0.717, 'harddrivesdirect_tweakers': 0.725, 'harddrivesdirect_sillworks': 0.856, 'usapartsdirect_sillworks': 0.872, 'usapartsdirect_harddrivesdirect': 0.841, 'usapartsdirect_tweakers': 0.752}",harddrivesdirect_5930018-tweakers_984750,True,disagreement_post_graph,49
0.826,0.827,0.827,0.7894999999999999,0.722,0.845,0.6833333333333332,"{'sillworks_tweakers': 0.717, 'harddrivesdirect_tweakers': 0.725, 'harddrivesdirect_sillworks': 0.846, 'usapartsdirect_sillworks': 0.864, 'usapartsdirect_harddrivesdirect': 0.833, 'usapartsdirect_tweakers': 0.752}",harddrivesdirect_9620973-sillworks_6513719,False,disagreement_post_graph,50
0.848,0.82,0.834,0.7933333333333333,0.708,0.838,0.6759999999999998,"{'sillworks_tweakers': 0.709, 'harddrivesdirect_tweakers': 0.725, 'harddrivesdirect_sillworks': 0.855, 'usapartsdirect_sillworks': 0.879, 'usapartsdirect_harddrivesdirect': 0.84, 'usapartsdirect_tweakers': 0.752}",harddrivesdirect_13178654-sillworks_14437361,False,disagreement_post_graph,51
0.859,0.826,0.842,0.7988333333333334,0.721,0.845,0.672,"{'sillworks_tweakers': 0.713, 'harddrivesdirect_tweakers': 0.725, 'harddrivesdirect_sillworks': 0.865, 'usapartsdirect_sillworks': 0.886, 'usapartsdirect_harddrivesdirect': 0.852, 'usapartsdirect_tweakers': 0.752}",usapartsdirect_4105016-harddrivesdirect_16025341,True,disagreement_post_graph,52
0.839,0.828,0.834,0.7933333333333331,0.722,0.846,0.6901666666666667,"{'sillworks_tweakers': 0.717, 'harddrivesdirect_tweakers': 0.725, 'harddrivesdirect_sillworks': 0.863, 'usapartsdirect_sillworks': 0.861, 'usapartsdirect_harddrivesdirect': 0.842, 'usapartsdirect_tweakers': 0.752}",harddrivesdirect_11976321-tweakers_9079833,True,disagreement_post_graph,53
0.82,0.832,0.826,0.7869999999999999,0.73,0.842,0.6803333333333333,"{'sillworks_tweakers': 0.705, 'harddrivesdirect_tweakers': 0.722, 'harddrivesdirect_sillworks': 0.849, 'usapartsdirect_sillworks': 0.861, 'usapartsdirect_harddrivesdirect': 0.833, 'usapartsdirect_tweakers': 0.752}",usapartsdirect_14860009-harddrivesdirect_2291940,True,disagreement_post_graph,54
0.845,0.828,0.837,0.7938333333333333,0.723,0.838,0.6833333333333332,"{'sillworks_tweakers': 0.709, 'harddrivesdirect_tweakers': 0.725, 'harddrivesdirect_sillworks': 0.862, 'usapartsdirect_sillworks': 0.87, 'usapartsdirect_harddrivesdirect': 0.851, 'usapartsdirect_tweakers': 0.746}",usapartsdirect_3264285-sillworks_999097,False,disagreement_post_graph,55
0.833,0.836,0.834,0.7931666666666666,0.74,0.847,0.6890000000000001,"{'sillworks_tweakers': 0.717, 'harddrivesdirect_tweakers': 0.725, 'harddrivesdirect_sillworks': 0.864, 'usapartsdirect_sillworks': 0.854, 'usapartsdirect_harddrivesdirect': 0.847, 'usapartsdirect_tweakers': 0.752}",usapartsdirect_8718036-sillworks_9195941,True,disagreement_post_graph,56
0.827,0.837,0.832,0.7925,0.729,0.842,0.6808333333333333,"{'sillworks_tweakers': 0.717, 'harddrivesdirect_tweakers': 0.725, 'harddrivesdirect_sillworks': 0.856, 'usapartsdirect_sillworks': 0.858, 'usapartsdirect_harddrivesdirect': 0.847, 'usapartsdirect_tweakers': 0.752}",usapartsdirect_4060973-sillworks_7603786,False,disagreement_post_graph,57
0.824,0.837,0.831,0.7909999999999999,0.749,0.841,0.6926666666666668,"{'sillworks_tweakers': 0.717, 'harddrivesdirect_tweakers': 0.725, 'harddrivesdirect_sillworks': 0.858, 'usapartsdirect_sillworks': 0.85, 'usapartsdirect_harddrivesdirect': 0.844, 'usapartsdirect_tweakers': 0.752}",harddrivesdirect_3646181-tweakers_5630901,True,disagreement_post_graph,58
0.824,0.837,0.831,0.7915,0.744,0.839,0.6996666666666668,"{'sillworks_tweakers': 0.717, 'harddrivesdirect_tweakers': 0.722, 'harddrivesdirect_sillworks': 0.854, 'usapartsdirect_sillworks': 0.861, 'usapartsdirect_harddrivesdirect': 0.843, 'usapartsdirect_tweakers': 0.752}",usapartsdirect_15527756-sillworks_6775751,False,disagreement_post_graph,59
0.813,0.847,0.829,0.7878333333333333,0.763,0.843,0.7126666666666667,"{'sillworks_tweakers': 0.701, 'harddrivesdirect_tweakers': 0.718, 'harddrivesdirect_sillworks': 0.857, 'usapartsdirect_sillworks': 0.861, 'usapartsdirect_harddrivesdirect': 0.838, 'usapartsdirect_tweakers': 0.752}",usapartsdirect_6169516-sillworks_15638477,True,disagreement_post_graph,60
0.827,0.835,0.831,0.7915,0.767,0.846,0.7285,"{'sillworks_tweakers': 0.713, 'harddrivesdirect_tweakers': 0.725, 'harddrivesdirect_sillworks': 0.857, 'usapartsdirect_sillworks': 0.859, 'usapartsdirect_harddrivesdirect': 0.843, 'usapartsdirect_tweakers': 0.752}",harddrivesdirect_12512068-sillworks_7765419,False,disagreement_post_graph,61
0.819,0.841,0.83,0.7906666666666666,0.779,0.837,0.7358333333333333,"{'sillworks_tweakers': 0.717, 'harddrivesdirect_tweakers': 0.725, 'harddrivesdirect_sillworks': 0.861, 'usapartsdirect_sillworks': 0.852, 'usapartsdirect_harddrivesdirect': 0.837, 'usapartsdirect_tweakers': 0.752}",usapartsdirect_12993687-sillworks_2256639,False,disagreement_post_graph,62
0.821,0.828,0.824,0.7835,0.779,0.838,0.7385,"{'sillworks_tweakers': 0.705, 'harddrivesdirect_tweakers': 0.718, 'harddrivesdirect_sillworks': 0.851, 'usapartsdirect_sillworks': 0.848, 'usapartsdirect_harddrivesdirect': 0.84, 'usapartsdirect_tweakers': 0.739}",usapartsdirect_15046851-harddrivesdirect_3438583,True,disagreement_post_graph,63
0.822,0.84,0.831,0.7906666666666666,0.786,0.834,0.7408333333333333,"{'sillworks_tweakers': 0.717, 'harddrivesdirect_tweakers': 0.722, 'harddrivesdirect_sillworks': 0.864, 'usapartsdirect_sillworks': 0.849, 'usapartsdirect_harddrivesdirect': 0.84, 'usapartsdirect_tweakers': 0.752}",harddrivesdirect_5595771-sillworks_6838610,False,disagreement_post_graph,64
0.821,0.844,0.832,0.7923333333333332,0.783,0.839,0.7404999999999999,"{'sillworks_tweakers': 0.717, 'harddrivesdirect_tweakers': 0.725, 'harddrivesdirect_sillworks': 0.855, 'usapartsdirect_sillworks': 0.854, 'usapartsdirect_harddrivesdirect': 0.851, 'usapartsdirect_tweakers': 0.752}",usapartsdirect_15440281-harddrivesdirect_480469,True,disagreement_post_graph,65
0.806,0.85,0.827,0.7894999999999999,0.788,0.837,0.745,"{'sillworks_tweakers': 0.724, 'harddrivesdirect_tweakers': 0.725, 'harddrivesdirect_sillworks': 0.861, 'usapartsdirect_sillworks': 0.842, 'usapartsdirect_harddrivesdirect': 0.833, 'usapartsdirect_tweakers': 0.752}",usapartsdirect_7069002-harddrivesdirect_8635782,True,disagreement_post_graph,66
0.828,0.842,0.835,0.7931666666666666,0.784,0.846,0.7418333333333335,"{'sillworks_tweakers': 0.713, 'harddrivesdirect_tweakers': 0.722, 'harddrivesdirect_sillworks': 0.857, 'usapartsdirect_sillworks': 0.859, 'usapartsdirect_harddrivesdirect': 0.856, 'usapartsdirect_tweakers': 0.752}",harddrivesdirect_15770785-sillworks_4923983,False,disagreement_post_graph,67
0.82,0.862,0.84,0.8271666666666665,0.791,0.842,0.7473333333333333,"{'sillworks_tweakers': 0.749, 'harddrivesdirect_tweakers': 0.817, 'harddrivesdirect_sillworks': 0.858, 'usapartsdirect_sillworks': 0.849, 'usapartsdirect_harddrivesdirect': 0.837, 'usapartsdirect_tweakers': 0.853}",usapartsdirect_10471728-tweakers_2434989,True,disagreement_post_graph,68
0.833,0.866,0.849,0.8416666666666667,0.79,0.851,0.7466666666666667,"{'sillworks_tweakers': 0.78, 'harddrivesdirect_tweakers': 0.829, 'harddrivesdirect_sillworks': 0.858, 'usapartsdirect_sillworks': 0.86, 'usapartsdirect_harddrivesdirect': 0.846, 'usapartsdirect_tweakers': 0.877}",usapartsdirect_5370115-tweakers_9840988,False,disagreement_post_graph,69
0.775,0.84,0.806,0.7468333333333333,0.795,0.849,0.7506666666666666,"{'sillworks_tweakers': 0.629, 'harddrivesdirect_tweakers': 0.644, 'harddrivesdirect_sillworks': 0.852, 'usapartsdirect_sillworks': 0.855, 'usapartsdirect_harddrivesdirect': 0.839, 'usapartsdirect_tweakers': 0.662}",usapartsdirect_17025526-harddrivesdirect_16161749,False,disagreement_post_graph,70
0.83,0.86,0.845,0.8364999999999999,0.797,0.84,0.7543333333333333,"{'sillworks_tweakers': 0.765, 'harddrivesdirect_tweakers': 0.825, 'harddrivesdirect_sillworks': 0.856, 'usapartsdirect_sillworks': 0.852, 'usapartsdirect_harddrivesdirect': 0.844, 'usapartsdirect_tweakers': 0.877}",harddrivesdirect_10916433-sillworks_10030457,True,disagreement_post_graph,71
0.845,0.842,0.844,0.8231666666666667,0.797,0.85,0.7513333333333332,"{'sillworks_tweakers': 0.729, 'harddrivesdirect_tweakers': 0.784, 'harddrivesdirect_sillworks': 0.858, 'usapartsdirect_sillworks': 0.866, 'usapartsdirect_harddrivesdirect': 0.849, 'usapartsdirect_tweakers': 0.853}",usapartsdirect_12281065-harddrivesdirect_8685427,False,disagreement_post_graph,72
0.844,0.862,0.853,0.8371666666666666,0.797,0.846,0.7530000000000001,"{'sillworks_tweakers': 0.769, 'harddrivesdirect_tweakers': 0.812, 'harddrivesdirect_sillworks': 0.865, 'usapartsdirect_sillworks': 0.865, 'usapartsdirect_harddrivesdirect': 0.859, 'usapartsdirect_tweakers': 0.853}",usapartsdirect_547979-harddrivesdirect_15770785,True,disagreement_post_graph,73
0.841,0.859,0.85,0.8318333333333333,0.8,0.85,0.755,"{'sillworks_tweakers': 0.749, 'harddrivesdirect_tweakers': 0.802, 'harddrivesdirect_sillworks': 0.867, 'usapartsdirect_sillworks': 0.868, 'usapartsdirect_harddrivesdirect': 0.852, 'usapartsdirect_tweakers': 0.853}",harddrivesdirect_8498296-sillworks_3818181,False,disagreement_post_graph,74
0.772,0.868,0.817,0.7721666666666667,0.8,0.851,0.7601666666666667,"{'sillworks_tweakers': 0.718, 'harddrivesdirect_tweakers': 0.807, 'harddrivesdirect_sillworks': 0.852, 'usapartsdirect_sillworks': 0.858, 'usapartsdirect_harddrivesdirect': 0.848, 'usapartsdirect_tweakers': 0.55}",usapartsdirect_7805644-sillworks_15591684,True,disagreement_post_graph,75
0.84,0.852,0.846,0.8301666666666666,0.803,0.849,0.759,"{'sillworks_tweakers': 0.767, 'harddrivesdirect_tweakers': 0.806, 'harddrivesdirect_sillworks': 0.859, 'usapartsdirect_sillworks': 0.857, 'usapartsdirect_harddrivesdirect': 0.851, 'usapartsdirect_tweakers': 0.841}",usapartsdirect_2611429-tweakers_9711757,False,disagreement_post_graph,76
0.837,0.861,0.849,0.8350000000000001,0.803,0.847,0.7611666666666667,"{'sillworks_tweakers': 0.768, 'harddrivesdirect_tweakers': 0.826, 'harddrivesdirect_sillworks': 0.861, 'usapartsdirect_sillworks': 0.857, 'usapartsdirect_harddrivesdirect': 0.854, 'usapartsdirect_tweakers': 0.844}",usapartsdirect_2888224-tweakers_1750651,True,disagreement_post_graph,77
0.832,0.863,0.847,0.8336666666666667,0.806,0.849,0.7635,"{'sillworks_tweakers': 0.77, 'harddrivesdirect_tweakers': 0.811, 'harddrivesdirect_sillworks': 0.861, 'usapartsdirect_sillworks': 0.854, 'usapartsdirect_harddrivesdirect': 0.853, 'usapartsdirect_tweakers': 0.853}",usapartsdirect_2611429-tweakers_4350445,False,disagreement_post_graph,78
0.827,0.857,0.842,0.8276666666666667,0.808,0.851,0.7693333333333333,"{'sillworks_tweakers': 0.762, 'harddrivesdirect_tweakers': 0.813, 'harddrivesdirect_sillworks': 0.854, 'usapartsdirect_sillworks': 0.85, 'usapartsdirect_harddrivesdirect': 0.846, 'usapartsdirect_tweakers': 0.841}",harddrivesdirect_3929020-sillworks_13960291,False,disagreement_post_graph,79
0.841,0.843,0.842,0.8109999999999999,0.811,0.847,0.7711666666666667,"{'sillworks_tweakers': 0.739, 'harddrivesdirect_tweakers': 0.776, 'harddrivesdirect_sillworks': 0.864, 'usapartsdirect_sillworks': 0.861, 'usapartsdirect_harddrivesdirect': 0.853, 'usapartsdirect_tweakers': 0.773}",sillworks_5053387-tweakers_10452722,False,disagreement_post_graph,80
0.831,0.839,0.835,0.8073333333333332,0.81,0.841,0.7734999999999999,"{'sillworks_tweakers': 0.731, 'harddrivesdirect_tweakers': 0.77, 'harddrivesdirect_sillworks': 0.857, 'usapartsdirect_sillworks': 0.851, 'usapartsdirect_harddrivesdirect': 0.842, 'usapartsdirect_tweakers': 0.793}",harddrivesdirect_10118972-sillworks_11057543,True,disagreement_post_graph,81
0.833,0.866,0.849,0.8374999999999999,0.811,0.843,0.7741666666666666,"{'sillworks_tweakers': 0.78, 'harddrivesdirect_tweakers': 0.83, 'harddrivesdirect_sillworks': 0.863, 'usapartsdirect_sillworks': 0.853, 'usapartsdirect_harddrivesdirect': 0.849, 'usapartsdirect_tweakers': 0.85}",harddrivesdirect_2240158-tweakers_15167694,True,disagreement_post_graph,82
0.839,0.862,0.85,0.8381666666666666,0.813,0.851,0.7751666666666667,"{'sillworks_tweakers': 0.78, 'harddrivesdirect_tweakers': 0.834, 'harddrivesdirect_sillworks': 0.86, 'usapartsdirect_sillworks': 0.864, 'usapartsdirect_harddrivesdirect': 0.85, 'usapartsdirect_tweakers': 0.841}",usapartsdirect_4261231-sillworks_4421551,False,disagreement_post_graph,83
0.839,0.868,0.854,0.8368333333333333,0.813,0.859,0.7725,"{'sillworks_tweakers': 0.767, 'harddrivesdirect_tweakers': 0.821, 'harddrivesdirect_sillworks': 0.875, 'usapartsdirect_sillworks': 0.862, 'usapartsdirect_harddrivesdirect': 0.85, 'usapartsdirect_tweakers': 0.846}",usapartsdirect_13441593-harddrivesdirect_7602621,False,disagreement_post_graph,84
0.843,0.873,0.858,0.8468333333333334,0.814,0.855,0.7786666666666666,"{'sillworks_tweakers': 0.787, 'harddrivesdirect_tweakers': 0.826, 'harddrivesdirect_sillworks': 0.877, 'usapartsdirect_sillworks': 0.863, 'usapartsdirect_harddrivesdirect': 0.851, 'usapartsdirect_tweakers': 0.877}",harddrivesdirect_6379397-sillworks_16107072,True,disagreement_post_graph,85
0.839,0.866,0.852,0.8291666666666666,0.818,0.856,0.7766666666666667,"{'sillworks_tweakers': 0.746, 'harddrivesdirect_tweakers': 0.806, 'harddrivesdirect_sillworks': 0.875, 'usapartsdirect_sillworks': 0.856, 'usapartsdirect_harddrivesdirect': 0.86, 'usapartsdirect_tweakers': 0.832}",usapartsdirect_36653-sillworks_5204792,False,disagreement_post_graph,86
0.836,0.867,0.851,0.8305000000000001,0.819,0.854,0.7821666666666666,"{'sillworks_tweakers': 0.788, 'harddrivesdirect_tweakers': 0.792, 'harddrivesdirect_sillworks': 0.873, 'usapartsdirect_sillworks': 0.867, 'usapartsdirect_harddrivesdirect': 0.857, 'usapartsdirect_tweakers': 0.806}",usapartsdirect_547979-sillworks_5009889,False,disagreement_post_graph,87
0.855,0.853,0.854,0.843,0.82,0.862,0.7829999999999999,"{'sillworks_tweakers': 0.767, 'harddrivesdirect_tweakers': 0.83, 'harddrivesdirect_sillworks': 0.87, 'usapartsdirect_sillworks': 0.865, 'usapartsdirect_harddrivesdirect': 0.849, 'usapartsdirect_tweakers': 0.877}",harddrivesdirect_2098187-sillworks_3432768,False,disagreement_post_graph,88
0.865,0.852,0.859,0.842,0.82,0.856,0.7845,"{'sillworks_tweakers': 0.762, 'harddrivesdirect_tweakers': 0.807, 'harddrivesdirect_sillworks': 0.877, 'usapartsdirect_sillworks': 0.876, 'usapartsdirect_harddrivesdirect': 0.862, 'usapartsdirect_tweakers': 0.868}",usapartsdirect_8373298-sillworks_1518578,False,disagreement_post_graph,89
0.879,0.837,0.857,0.836,0.821,0.861,0.7851666666666666,"{'sillworks_tweakers': 0.765, 'harddrivesdirect_tweakers': 0.774, 'harddrivesdirect_sillworks': 0.884, 'usapartsdirect_sillworks': 0.879, 'usapartsdirect_harddrivesdirect': 0.859, 'usapartsdirect_tweakers': 0.855}",harddrivesdirect_3929020-sillworks_13687796,False,disagreement_post_graph,90
0.869,0.859,0.864,0.851,0.82,0.865,0.7846666666666667,"{'sillworks_tweakers': 0.796, 'harddrivesdirect_tweakers': 0.824, 'harddrivesdirect_sillworks': 0.887, 'usapartsdirect_sillworks': 0.871, 'usapartsdirect_harddrivesdirect': 0.858, 'usapartsdirect_tweakers': 0.87}",harddrivesdirect_1623293-sillworks_656385,True,disagreement_post_graph,91
0.862,0.852,0.857,0.8461666666666666,0.824,0.854,0.7863333333333333,"{'sillworks_tweakers': 0.802, 'harddrivesdirect_tweakers': 0.825, 'harddrivesdirect_sillworks': 0.872, 'usapartsdirect_sillworks': 0.862, 'usapartsdirect_harddrivesdirect': 0.857, 'usapartsdirect_tweakers': 0.859}",usapartsdirect_8665941-sillworks_14972325,True,disagreement_post_graph,92
0.877,0.84,0.858,0.8410000000000001,0.824,0.856,0.7883333333333334,"{'sillworks_tweakers': 0.78, 'harddrivesdirect_tweakers': 0.813, 'harddrivesdirect_sillworks': 0.868, 'usapartsdirect_sillworks': 0.884, 'usapartsdirect_harddrivesdirect': 0.86, 'usapartsdirect_tweakers': 0.841}",usapartsdirect_7859129-harddrivesdirect_10758977,False,disagreement_post_graph,93
0.868,0.841,0.854,0.8396666666666667,0.826,0.864,0.7894999999999999,"{'sillworks_tweakers': 0.76, 'harddrivesdirect_tweakers': 0.83, 'harddrivesdirect_sillworks': 0.871, 'usapartsdirect_sillworks': 0.862, 'usapartsdirect_harddrivesdirect': 0.856, 'usapartsdirect_tweakers': 0.859}",harddrivesdirect_7331335-sillworks_7913680,True,disagreement_post_graph,94
0.871,0.849,0.86,0.8448333333333334,0.826,0.858,0.7905000000000001,"{'sillworks_tweakers': 0.767, 'harddrivesdirect_tweakers': 0.825, 'harddrivesdirect_sillworks': 0.875, 'usapartsdirect_sillworks': 0.877, 'usapartsdirect_harddrivesdirect': 0.857, 'usapartsdirect_tweakers': 0.868}",usapartsdirect_14369899-harddrivesdirect_17231345,True,disagreement_post_graph,95
0.83,0.849,0.839,0.8083333333333332,0.826,0.855,0.7908333333333334,"{'sillworks_tweakers': 0.695, 'harddrivesdirect_tweakers': 0.766, 'harddrivesdirect_sillworks': 0.868, 'usapartsdirect_sillworks': 0.866, 'usapartsdirect_harddrivesdirect': 0.855, 'usapartsdirect_tweakers': 0.8}",usapartsdirect_5899965-sillworks_10109399,True,disagreement_post_graph,96
0.861,0.842,0.852,0.8343333333333334,0.826,0.856,0.7921666666666667,"{'sillworks_tweakers': 0.771, 'harddrivesdirect_tweakers': 0.769, 'harddrivesdirect_sillworks': 0.859, 'usapartsdirect_sillworks': 0.892, 'usapartsdirect_harddrivesdirect': 0.86, 'usapartsdirect_tweakers': 0.855}",harddrivesdirect_121925-sillworks_2495609,False,disagreement_post_graph,97
0.894,0.845,0.868,0.8588333333333332,0.827,0.865,0.793,"{'sillworks_tweakers': 0.825, 'harddrivesdirect_tweakers': 0.826, 'harddrivesdirect_sillworks': 0.868, 'usapartsdirect_sillworks': 0.896, 'usapartsdirect_harddrivesdirect': 0.87, 'usapartsdirect_tweakers': 0.868}",harddrivesdirect_4270944-sillworks_11454462,True,disagreement_post_graph,98
0.865,0.867,0.866,0.858,0.829,0.876,0.7941666666666666,"{'sillworks_tweakers': 0.84, 'harddrivesdirect_tweakers': 0.805, 'harddrivesdirect_sillworks': 0.869, 'usapartsdirect_sillworks': 0.888, 'usapartsdirect_harddrivesdirect': 0.869, 'usapartsdirect_tweakers': 0.877}",harddrivesdirect_13966133-sillworks_13988071,True,disagreement_post_graph,99
0.882,0.849,0.865,0.8534999999999999,0.83,0.869,0.7948333333333334,"{'sillworks_tweakers': 0.785, 'harddrivesdirect_tweakers': 0.834, 'harddrivesdirect_sillworks': 0.865, 'usapartsdirect_sillworks': 0.887, 'usapartsdirect_harddrivesdirect': 0.873, 'usapartsdirect_tweakers': 0.877}",usapartsdirect_15727970-harddrivesdirect_6292260,True,disagreement_post_graph,100
0.86,0.86,0.86,0.8461666666666666,0.831,0.865,0.7956666666666666,"{'sillworks_tweakers': 0.78, 'harddrivesdirect_tweakers': 0.809, 'harddrivesdirect_sillworks': 0.872, 'usapartsdirect_sillworks': 0.881, 'usapartsdirect_harddrivesdirect': 0.867, 'usapartsdirect_tweakers': 0.868}",harddrivesdirect_9880469-sillworks_11064432,True,disagreement_post_graph,101
0.871,0.858,0.865,0.846,0.83,0.868,0.7948333333333334,"{'sillworks_tweakers': 0.772, 'harddrivesdirect_tweakers': 0.83, 'harddrivesdirect_sillworks': 0.877, 'usapartsdirect_sillworks': 0.884, 'usapartsdirect_harddrivesdirect': 0.871, 'usapartsdirect_tweakers': 0.842}",usapartsdirect_3659720-harddrivesdirect_3136364,True,disagreement_post_graph,102
0.882,0.854,0.868,0.8523333333333335,0.832,0.869,0.797,"{'sillworks_tweakers': 0.78, 'harddrivesdirect_tweakers': 0.825, 'harddrivesdirect_sillworks': 0.874, 'usapartsdirect_sillworks': 0.891, 'usapartsdirect_harddrivesdirect': 0.876, 'usapartsdirect_tweakers': 0.868}",usapartsdirect_8738579-harddrivesdirect_6289262,False,disagreement_post_graph,103
0.868,0.845,0.856,0.834,0.83,0.867,0.7948333333333334,"{'sillworks_tweakers': 0.739, 'harddrivesdirect_tweakers': 0.823, 'harddrivesdirect_sillworks': 0.873, 'usapartsdirect_sillworks': 0.875, 'usapartsdirect_harddrivesdirect': 0.862, 'usapartsdirect_tweakers': 0.832}",usapartsdirect_1585652-tweakers_7997153,False,disagreement_post_graph,104
0.874,0.862,0.868,0.8494999999999999,0.83,0.862,0.7948333333333334,"{'sillworks_tweakers': 0.78, 'harddrivesdirect_tweakers': 0.83, 'harddrivesdirect_sillworks': 0.884, 'usapartsdirect_sillworks': 0.881, 'usapartsdirect_harddrivesdirect': 0.872, 'usapartsdirect_tweakers': 0.85}",usapartsdirect_8333053-harddrivesdirect_10041251,True,disagreement_post_graph,105
0.867,0.852,0.86,0.8431666666666667,0.83,0.875,0.7936666666666667,"{'sillworks_tweakers': 0.773, 'harddrivesdirect_tweakers': 0.834, 'harddrivesdirect_sillworks': 0.873, 'usapartsdirect_sillworks': 0.874, 'usapartsdirect_harddrivesdirect': 0.864, 'usapartsdirect_tweakers': 0.841}",harddrivesdirect_5534554-sillworks_10699980,True,disagreement_post_graph,106
0.878,0.855,0.866,0.8471666666666665,0.832,0.864,0.7959999999999999,"{'sillworks_tweakers': 0.76, 'harddrivesdirect_tweakers': 0.834, 'harddrivesdirect_sillworks': 0.876, 'usapartsdirect_sillworks': 0.887, 'usapartsdirect_harddrivesdirect': 0.876, 'usapartsdirect_tweakers': 0.85}",harddrivesdirect_12836902-sillworks_11199335,False,disagreement_post_graph,107
0.876,0.854,0.865,0.8498333333333333,0.831,0.867,0.7928333333333333,"{'sillworks_tweakers': 0.78, 'harddrivesdirect_tweakers': 0.825, 'harddrivesdirect_sillworks': 0.874, 'usapartsdirect_sillworks': 0.879, 'usapartsdirect_harddrivesdirect': 0.873, 'usapartsdirect_tweakers': 0.868}",usapartsdirect_16734800-sillworks_61006,False,disagreement_post_graph,108
0.879,0.851,0.865,0.8398333333333333,0.832,0.87,0.7959999999999999,"{'sillworks_tweakers': 0.753, 'harddrivesdirect_tweakers': 0.823, 'harddrivesdirect_sillworks': 0.878, 'usapartsdirect_sillworks': 0.885, 'usapartsdirect_harddrivesdirect': 0.877, 'usapartsdirect_tweakers': 0.823}",usapartsdirect_2392921-harddrivesdirect_8498296,True,disagreement_post_graph,109
0.879,0.861,0.87,0.8584999999999999,0.833,0.872,0.7938333333333332,"{'sillworks_tweakers': 0.806, 'harddrivesdirect_tweakers': 0.829, 'harddrivesdirect_sillworks': 0.872, 'usapartsdirect_sillworks': 0.893, 'usapartsdirect_harddrivesdirect': 0.874, 'usapartsdirect_tweakers': 0.877}",usapartsdirect_13889537-sillworks_17005914,False,disagreement_post_graph,110
0.868,0.848,0.858,0.8380000000000001,0.832,0.868,0.7943333333333333,"{'sillworks_tweakers': 0.746, 'harddrivesdirect_tweakers': 0.806, 'harddrivesdirect_sillworks': 0.869, 'usapartsdirect_sillworks': 0.88, 'usapartsdirect_harddrivesdirect': 0.868, 'usapartsdirect_tweakers': 0.859}",harddrivesdirect_12325864-tweakers_2503936,True,disagreement_post_graph,111
0.886,0.849,0.867,0.8471666666666667,0.832,0.854,0.7935,"{'sillworks_tweakers': 0.773, 'harddrivesdirect_tweakers': 0.834, 'harddrivesdirect_sillworks': 0.871, 'usapartsdirect_sillworks': 0.897, 'usapartsdirect_harddrivesdirect': 0.876, 'usapartsdirect_tweakers': 0.832}",usapartsdirect_547979-harddrivesdirect_13330543,False,disagreement_post_graph,112
0.886,0.862,0.874,0.8563333333333333,0.833,0.873,0.7948333333333332,"{'sillworks_tweakers': 0.773, 'harddrivesdirect_tweakers': 0.83, 'harddrivesdirect_sillworks': 0.89, 'usapartsdirect_sillworks': 0.888, 'usapartsdirect_harddrivesdirect': 0.88, 'usapartsdirect_tweakers': 0.877}",harddrivesdirect_7111302-sillworks_11915822,True,disagreement_post_graph,113
0.884,0.856,0.87,0.8538333333333333,0.834,0.874,0.7955,"{'sillworks_tweakers': 0.78, 'harddrivesdirect_tweakers': 0.83, 'harddrivesdirect_sillworks': 0.88, 'usapartsdirect_sillworks': 0.889, 'usapartsdirect_harddrivesdirect': 0.876, 'usapartsdirect_tweakers': 0.868}",harddrivesdirect_7720000-sillworks_2504111,True,disagreement_post_graph,114
0.836,0.869,0.852,0.8268333333333334,0.834,0.879,0.7955,"{'sillworks_tweakers': 0.702, 'harddrivesdirect_tweakers': 0.768, 'harddrivesdirect_sillworks': 0.878, 'usapartsdirect_sillworks': 0.881, 'usapartsdirect_harddrivesdirect': 0.873, 'usapartsdirect_tweakers': 0.859}",usapartsdirect_10471728-sillworks_4120763,False,disagreement_post_graph,115
0.883,0.852,0.867,0.8501666666666666,0.835,0.867,0.7956666666666665,"{'sillworks_tweakers': 0.772, 'harddrivesdirect_tweakers': 0.83, 'harddrivesdirect_sillworks': 0.878, 'usapartsdirect_sillworks': 0.89, 'usapartsdirect_harddrivesdirect': 0.872, 'usapartsdirect_tweakers': 0.859}",harddrivesdirect_7582829-sillworks_9792024,True,disagreement_post_graph,116
0.867,0.862,0.865,0.8485,0.836,0.877,0.7998333333333334,"{'sillworks_tweakers': 0.775, 'harddrivesdirect_tweakers': 0.83, 'harddrivesdirect_sillworks': 0.877, 'usapartsdirect_sillworks': 0.875, 'usapartsdirect_harddrivesdirect': 0.875, 'usapartsdirect_tweakers': 0.859}",harddrivesdirect_8434190-sillworks_688771,False,disagreement_post_graph,117
0.879,0.855,0.867,0.8508333333333334,0.835,0.873,0.7958333333333333,"{'sillworks_tweakers': 0.773, 'harddrivesdirect_tweakers': 0.83, 'harddrivesdirect_sillworks': 0.874, 'usapartsdirect_sillworks': 0.884, 'usapartsdirect_harddrivesdirect': 0.876, 'usapartsdirect_tweakers': 0.868}",usapartsdirect_8255456-tweakers_16342328,True,disagreement_post_graph,118
0.873,0.86,0.866,0.8501666666666666,0.837,0.876,0.8029999999999999,"{'sillworks_tweakers': 0.802, 'harddrivesdirect_tweakers': 0.818, 'harddrivesdirect_sillworks': 0.878, 'usapartsdirect_sillworks': 0.893, 'usapartsdirect_harddrivesdirect': 0.866, 'usapartsdirect_tweakers': 0.844}",harddrivesdirect_593838-sillworks_7654744,True,disagreement_post_graph,119
0.883,0.863,0.873,0.8546666666666666,0.837,0.877,0.8028333333333334,"{'sillworks_tweakers': 0.793, 'harddrivesdirect_tweakers': 0.83, 'harddrivesdirect_sillworks': 0.882, 'usapartsdirect_sillworks': 0.891, 'usapartsdirect_harddrivesdirect': 0.882, 'usapartsdirect_tweakers': 0.85}",usapartsdirect_10339862-sillworks_3572844,True,disagreement_post_graph,120
0.844,0.877,0.861,0.8396666666666667,0.837,0.872,0.8041666666666667,"{'sillworks_tweakers': 0.762, 'harddrivesdirect_tweakers': 0.773, 'harddrivesdirect_sillworks': 0.874, 'usapartsdirect_sillworks': 0.885, 'usapartsdirect_harddrivesdirect': 0.882, 'usapartsdirect_tweakers': 0.862}",usapartsdirect_296719-harddrivesdirect_654609,True,disagreement_post_graph,121
0.874,0.856,0.865,0.8458333333333333,0.835,0.877,0.7999999999999999,"{'sillworks_tweakers': 0.773, 'harddrivesdirect_tweakers': 0.806, 'harddrivesdirect_sillworks': 0.87, 'usapartsdirect_sillworks': 0.884, 'usapartsdirect_harddrivesdirect': 0.883, 'usapartsdirect_tweakers': 0.859}",harddrivesdirect_2323987-tweakers_16027259,False,disagreement_post_graph,122
0.858,0.867,0.862,0.8413333333333334,0.837,0.873,0.8048333333333333,"{'sillworks_tweakers': 0.743, 'harddrivesdirect_tweakers': 0.793, 'harddrivesdirect_sillworks': 0.878, 'usapartsdirect_sillworks': 0.889, 'usapartsdirect_harddrivesdirect': 0.877, 'usapartsdirect_tweakers': 0.868}",harddrivesdirect_10842271-sillworks_3735925,True,disagreement_post_graph,123
0.874,0.865,0.869,0.8541666666666666,0.836,0.87,0.8011666666666667,"{'sillworks_tweakers': 0.8, 'harddrivesdirect_tweakers': 0.829, 'harddrivesdirect_sillworks': 0.878, 'usapartsdirect_sillworks': 0.875, 'usapartsdirect_harddrivesdirect': 0.884, 'usapartsdirect_tweakers': 0.859}",usapartsdirect_14027487-harddrivesdirect_7650629,False,disagreement_post_graph,124
0.877,0.874,0.875,0.862,0.836,0.876,0.8011666666666667,"{'sillworks_tweakers': 0.806, 'harddrivesdirect_tweakers': 0.834, 'harddrivesdirect_sillworks': 0.889, 'usapartsdirect_sillworks': 0.893, 'usapartsdirect_harddrivesdirect': 0.873, 'usapartsdirect_tweakers': 0.877}",usapartsdirect_11868876-harddrivesdirect_7508667,False,disagreement_post_graph,125
0.855,0.864,0.859,0.8454999999999999,0.835,0.876,0.8001666666666667,"{'sillworks_tweakers': 0.773, 'harddrivesdirect_tweakers': 0.825, 'harddrivesdirect_sillworks': 0.869, 'usapartsdirect_sillworks': 0.877, 'usapartsdirect_harddrivesdirect': 0.861, 'usapartsdirect_tweakers': 0.868}",usapartsdirect_6568225-sillworks_15719094,True,disagreement_post_graph,126
0.876,0.865,0.87,0.8550000000000001,0.835,0.869,0.7995000000000001,"{'sillworks_tweakers': 0.787, 'harddrivesdirect_tweakers': 0.829, 'harddrivesdirect_sillworks': 0.875, 'usapartsdirect_sillworks': 0.891, 'usapartsdirect_harddrivesdirect': 0.88, 'usapartsdirect_tweakers': 0.868}",usapartsdirect_16016821-sillworks_5775852,False,disagreement_post_graph,127
0.87,0.865,0.868,0.8503333333333334,0.836,0.87,0.7999999999999999,"{'sillworks_tweakers': 0.787, 'harddrivesdirect_tweakers': 0.821, 'harddrivesdirect_sillworks': 0.883, 'usapartsdirect_sillworks': 0.875, 'usapartsdirect_harddrivesdirect': 0.877, 'usapartsdirect_tweakers': 0.859}",harddrivesdirect_15894172-sillworks_6118935,False,disagreement_post_graph,128
0.875,0.852,0.864,0.84,0.837,0.87,0.8006666666666667,"{'sillworks_tweakers': 0.749, 'harddrivesdirect_tweakers': 0.812, 'harddrivesdirect_sillworks': 0.876, 'usapartsdirect_sillworks': 0.888, 'usapartsdirect_harddrivesdirect': 0.874, 'usapartsdirect_tweakers': 0.841}",usapartsdirect_1821052-harddrivesdirect_11910478,True,disagreement_post_graph,129
0.875,0.87,0.872,0.8545000000000001,0.837,0.874,0.8006666666666667,"{'sillworks_tweakers': 0.773, 'harddrivesdirect_tweakers': 0.834, 'harddrivesdirect_sillworks': 0.883, 'usapartsdirect_sillworks': 0.884, 'usapartsdirect_harddrivesdirect': 0.885, 'usapartsdirect_tweakers': 0.868}",sillworks_9422810-tweakers_9021685,True,disagreement_post_graph,130
0.863,0.869,0.866,0.8533333333333335,0.838,0.878,0.8024999999999999,"{'sillworks_tweakers': 0.802, 'harddrivesdirect_tweakers': 0.826, 'harddrivesdirect_sillworks': 0.876, 'usapartsdirect_sillworks': 0.877, 'usapartsdirect_harddrivesdirect': 0.871, 'usapartsdirect_tweakers': 0.868}",harddrivesdirect_8023501-sillworks_2422401,False,disagreement_post_graph,131
0.87,0.864,0.867,0.85,0.837,0.874,0.8018333333333333,"{'sillworks_tweakers': 0.78, 'harddrivesdirect_tweakers': 0.83, 'harddrivesdirect_sillworks': 0.883, 'usapartsdirect_sillworks': 0.871, 'usapartsdirect_harddrivesdirect': 0.877, 'usapartsdirect_tweakers': 0.859}",usapartsdirect_8839597-sillworks_16415342,False,disagreement_post_graph,132
0.872,0.87,0.871,0.8551666666666667,0.837,0.874,0.8033333333333332,"{'sillworks_tweakers': 0.783, 'harddrivesdirect_tweakers': 0.83, 'harddrivesdirect_sillworks': 0.878, 'usapartsdirect_sillworks': 0.89, 'usapartsdirect_harddrivesdirect': 0.88, 'usapartsdirect_tweakers': 0.87}",harddrivesdirect_15729226-sillworks_14379716,False,disagreement_post_graph,133
0.863,0.865,0.864,0.8455,0.838,0.876,0.8039999999999999,"{'sillworks_tweakers': 0.773, 'harddrivesdirect_tweakers': 0.812, 'harddrivesdirect_sillworks': 0.876, 'usapartsdirect_sillworks': 0.869, 'usapartsdirect_harddrivesdirect': 0.884, 'usapartsdirect_tweakers': 0.859}",usapartsdirect_5899965-tweakers_12109717,True,disagreement_post_graph,134
0.861,0.876,0.869,0.8540000000000001,0.839,0.869,0.8071666666666665,"{'sillworks_tweakers': 0.793, 'harddrivesdirect_tweakers': 0.829, 'harddrivesdirect_sillworks': 0.88, 'usapartsdirect_sillworks': 0.879, 'usapartsdirect_harddrivesdirect': 0.875, 'usapartsdirect_tweakers': 0.868}",usapartsdirect_12379017-harddrivesdirect_10975078,True,disagreement_post_graph,135
0.852,0.869,0.86,0.8476666666666667,0.839,0.871,0.8069999999999999,"{'sillworks_tweakers': 0.787, 'harddrivesdirect_tweakers': 0.825, 'harddrivesdirect_sillworks': 0.871, 'usapartsdirect_sillworks': 0.865, 'usapartsdirect_harddrivesdirect': 0.87, 'usapartsdirect_tweakers': 0.868}",harddrivesdirect_8475003-sillworks_15729983,False,disagreement_post_graph,136
0.859,0.874,0.866,0.851,0.839,0.868,0.8071666666666665,"{'sillworks_tweakers': 0.787, 'harddrivesdirect_tweakers': 0.834, 'harddrivesdirect_sillworks': 0.881, 'usapartsdirect_sillworks': 0.871, 'usapartsdirect_harddrivesdirect': 0.874, 'usapartsdirect_tweakers': 0.859}",usapartsdirect_3784426-tweakers_12019765,False,disagreement_post_graph,137
0.872,0.866,0.869,0.8555,0.84,0.871,0.8075,"{'sillworks_tweakers': 0.787, 'harddrivesdirect_tweakers': 0.83, 'harddrivesdirect_sillworks': 0.877, 'usapartsdirect_sillworks': 0.883, 'usapartsdirect_harddrivesdirect': 0.879, 'usapartsdirect_tweakers': 0.877}",usapartsdirect_419107-harddrivesdirect_15894172,False,disagreement_post_graph,138
0.869,0.87,0.869,0.8526666666666666,0.84,0.872,0.8093333333333331,"{'sillworks_tweakers': 0.787, 'harddrivesdirect_tweakers': 0.83, 'harddrivesdirect_sillworks': 0.878, 'usapartsdirect_sillworks': 0.877, 'usapartsdirect_harddrivesdirect': 0.885, 'usapartsdirect_tweakers': 0.859}",usapartsdirect_13472275-sillworks_11118445,True,disagreement_post_graph,139
0.869,0.864,0.867,0.8443333333333333,0.84,0.874,0.8091666666666666,"{'sillworks_tweakers': 0.789, 'harddrivesdirect_tweakers': 0.823, 'harddrivesdirect_sillworks': 0.877, 'usapartsdirect_sillworks': 0.881, 'usapartsdirect_harddrivesdirect': 0.883, 'usapartsdirect_tweakers': 0.813}",usapartsdirect_3109746-harddrivesdirect_17295065,False,disagreement_post_graph,140
0.868,0.865,0.866,0.8548333333333334,0.841,0.868,0.8111666666666667,"{'sillworks_tweakers': 0.802, 'harddrivesdirect_tweakers': 0.83, 'harddrivesdirect_sillworks': 0.871, 'usapartsdirect_sillworks': 0.883, 'usapartsdirect_harddrivesdirect': 0.873, 'usapartsdirect_tweakers': 0.87}",harddrivesdirect_13025959-sillworks_13687796,False,disagreement_post_graph,141
0.866,0.854,0.86,0.8383333333333334,0.841,0.867,0.8109999999999999,"{'sillworks_tweakers': 0.767, 'harddrivesdirect_tweakers': 0.812, 'harddrivesdirect_sillworks': 0.875, 'usapartsdirect_sillworks': 0.87, 'usapartsdirect_harddrivesdirect': 0.874, 'usapartsdirect_tweakers': 0.832}",harddrivesdirect_13722392-sillworks_9683193,True,disagreement_post_graph,142
0.873,0.867,0.87,0.8580000000000001,0.841,0.865,0.8111666666666667,"{'sillworks_tweakers': 0.817, 'harddrivesdirect_tweakers': 0.828, 'harddrivesdirect_sillworks': 0.879, 'usapartsdirect_sillworks': 0.872, 'usapartsdirect_harddrivesdirect': 0.884, 'usapartsdirect_tweakers': 0.868}",harddrivesdirect_9810086-sillworks_13765356,False,disagreement_post_graph,143
0.874,0.873,0.874,0.8575,0.841,0.875,0.8111666666666667,"{'sillworks_tweakers': 0.787, 'harddrivesdirect_tweakers': 0.825, 'harddrivesdirect_sillworks': 0.886, 'usapartsdirect_sillworks': 0.891, 'usapartsdirect_harddrivesdirect': 0.879, 'usapartsdirect_tweakers': 0.877}",usapartsdirect_15684409-harddrivesdirect_9465478,False,disagreement_post_graph,144
0.876,0.86,0.868,0.85,0.841,0.869,0.8121666666666667,"{'sillworks_tweakers': 0.78, 'harddrivesdirect_tweakers': 0.823, 'harddrivesdirect_sillworks': 0.881, 'usapartsdirect_sillworks': 0.878, 'usapartsdirect_harddrivesdirect': 0.879, 'usapartsdirect_tweakers': 0.859}",usapartsdirect_1932462-harddrivesdirect_16161749,False,disagreement_post_graph,145
0.891,0.864,0.877,0.8588333333333334,0.839,0.864,0.8086666666666665,"{'sillworks_tweakers': 0.787, 'harddrivesdirect_tweakers': 0.829, 'harddrivesdirect_sillworks': 0.885, 'usapartsdirect_sillworks': 0.894, 'usapartsdirect_harddrivesdirect': 0.89, 'usapartsdirect_tweakers': 0.868}",harddrivesdirect_6978513-sillworks_16415342,True,disagreement_post_graph,146
0.868,0.863,0.866,0.8453333333333334,0.84,0.876,0.8101666666666666,"{'sillworks_tweakers': 0.773, 'harddrivesdirect_tweakers': 0.813, 'harddrivesdirect_sillworks': 0.877, 'usapartsdirect_sillworks': 0.881, 'usapartsdirect_harddrivesdirect': 0.878, 'usapartsdirect_tweakers': 0.85}",usapartsdirect_11562713-harddrivesdirect_6586843,True,disagreement_post_graph,147
0.872,0.87,0.871,0.8593333333333334,0.841,0.872,0.8103333333333333,"{'sillworks_tweakers': 0.819, 'harddrivesdirect_tweakers': 0.834, 'harddrivesdirect_sillworks': 0.886, 'usapartsdirect_sillworks': 0.878, 'usapartsdirect_harddrivesdirect': 0.871, 'usapartsdirect_tweakers': 0.868}",harddrivesdirect_12662916-sillworks_15638926,True,disagreement_post_graph,148
0.883,0.865,0.874,0.8596666666666666,0.843,0.875,0.8153333333333332,"{'sillworks_tweakers': 0.8, 'harddrivesdirect_tweakers': 0.83, 'harddrivesdirect_sillworks': 0.881, 'usapartsdirect_sillworks': 0.884, 'usapartsdirect_harddrivesdirect': 0.886, 'usapartsdirect_tweakers': 0.877}",harddrivesdirect_10796585-sillworks_6311298,False,disagreement_post_graph,149
0.877,0.858,0.867,0.8403333333333333,0.841,0.878,0.8121666666666667,"{'sillworks_tweakers': 0.773, 'harddrivesdirect_tweakers': 0.812, 'harddrivesdirect_sillworks': 0.877, 'usapartsdirect_sillworks': 0.891, 'usapartsdirect_harddrivesdirect': 0.886, 'usapartsdirect_tweakers': 0.803}",harddrivesdirect_16588966-sillworks_13512390,True,disagreement_post_graph,150
0.876,0.868,0.872,0.8563333333333333,0.842,0.868,0.8138333333333333,"{'sillworks_tweakers': 0.787, 'harddrivesdirect_tweakers': 0.834, 'harddrivesdirect_sillworks': 0.883, 'usapartsdirect_sillworks': 0.888, 'usapartsdirect_harddrivesdirect': 0.878, 'usapartsdirect_tweakers': 0.868}",usapartsdirect_14021488-harddrivesdirect_5426949,True,disagreement_post_graph,151
0.874,0.867,0.87,0.8521666666666666,0.844,0.869,0.8133333333333335,"{'sillworks_tweakers': 0.78, 'harddrivesdirect_tweakers': 0.829, 'harddrivesdirect_sillworks': 0.88, 'usapartsdirect_sillworks': 0.88, 'usapartsdirect_harddrivesdirect': 0.885, 'usapartsdirect_tweakers': 0.859}",usapartsdirect_8287794-harddrivesdirect_14793451,True,disagreement_post_graph,152
0.859,0.857,0.858,0.8378333333333333,0.842,0.87,0.8126666666666668,"{'sillworks_tweakers': 0.76, 'harddrivesdirect_tweakers': 0.823, 'harddrivesdirect_sillworks': 0.868, 'usapartsdirect_sillworks': 0.867, 'usapartsdirect_harddrivesdirect': 0.877, 'usapartsdirect_tweakers': 0.832}",usapartsdirect_6684370-sillworks_1269789,False,disagreement_post_graph,153
0.86,0.85,0.855,0.8243333333333335,0.843,0.864,0.8128333333333333,"{'sillworks_tweakers': 0.739, 'harddrivesdirect_tweakers': 0.8, 'harddrivesdirect_sillworks': 0.878, 'usapartsdirect_sillworks': 0.865, 'usapartsdirect_harddrivesdirect': 0.871, 'usapartsdirect_tweakers': 0.793}",usapartsdirect_17139502-sillworks_6653458,True,disagreement_post_graph,154
0.861,0.872,0.867,0.8506666666666666,0.842,0.862,0.8138333333333333,"{'sillworks_tweakers': 0.776, 'harddrivesdirect_tweakers': 0.817, 'harddrivesdirect_sillworks': 0.876, 'usapartsdirect_sillworks': 0.88, 'usapartsdirect_harddrivesdirect': 0.878, 'usapartsdirect_tweakers': 0.877}",usapartsdirect_9516298-sillworks_6879230,True,disagreement_post_graph,155
0.874,0.867,0.87,0.856,0.843,0.868,0.8143333333333334,"{'sillworks_tweakers': 0.787, 'harddrivesdirect_tweakers': 0.83, 'harddrivesdirect_sillworks': 0.881, 'usapartsdirect_sillworks': 0.882, 'usapartsdirect_harddrivesdirect': 0.879, 'usapartsdirect_tweakers': 0.877}",usapartsdirect_10638186-sillworks_15845839,False,disagreement_post_graph,156
0.864,0.869,0.866,0.8433333333333334,0.843,0.873,0.8156666666666667,"{'sillworks_tweakers': 0.773, 'harddrivesdirect_tweakers': 0.794, 'harddrivesdirect_sillworks': 0.882, 'usapartsdirect_sillworks': 0.878, 'usapartsdirect_harddrivesdirect': 0.883, 'usapartsdirect_tweakers': 0.85}",harddrivesdirect_9971203-sillworks_14012654,True,disagreement_post_graph,157
0.877,0.88,0.879,0.8658333333333333,0.843,0.866,0.8145000000000001,"{'sillworks_tweakers': 0.835, 'harddrivesdirect_tweakers': 0.836, 'harddrivesdirect_sillworks': 0.886, 'usapartsdirect_sillworks': 0.891, 'usapartsdirect_harddrivesdirect': 0.885, 'usapartsdirect_tweakers': 0.862}",usapartsdirect_6411283-harddrivesdirect_5941793,False,disagreement_post_graph,158
0.871,0.872,0.871,0.8550000000000001,0.842,0.88,0.8146666666666665,"{'sillworks_tweakers': 0.787, 'harddrivesdirect_tweakers': 0.829, 'harddrivesdirect_sillworks': 0.884, 'usapartsdirect_sillworks': 0.883, 'usapartsdirect_harddrivesdirect': 0.879, 'usapartsdirect_tweakers': 0.868}",usapartsdirect_547979-sillworks_4923983,False,disagreement_post_graph,159
0.865,0.875,0.87,0.85,0.843,0.875,0.8136666666666666,"{'sillworks_tweakers': 0.776, 'harddrivesdirect_tweakers': 0.812, 'harddrivesdirect_sillworks': 0.884, 'usapartsdirect_sillworks': 0.888, 'usapartsdirect_harddrivesdirect': 0.878, 'usapartsdirect_tweakers': 0.862}",usapartsdirect_12565345-sillworks_1185969,False,disagreement_post_graph,160
0.878,0.862,0.87,0.8488333333333333,0.842,0.867,0.8148333333333332,"{'sillworks_tweakers': 0.793, 'harddrivesdirect_tweakers': 0.829, 'harddrivesdirect_sillworks': 0.874, 'usapartsdirect_sillworks': 0.88, 'usapartsdirect_harddrivesdirect': 0.894, 'usapartsdirect_tweakers': 0.823}",usapartsdirect_9213797-sillworks_16205466,False,disagreement_post_graph,161
0.883,0.874,0.878,0.8596666666666666,0.843,0.874,0.8151666666666665,"{'sillworks_tweakers': 0.802, 'harddrivesdirect_tweakers': 0.834, 'harddrivesdirect_sillworks': 0.886, 'usapartsdirect_sillworks': 0.895, 'usapartsdirect_harddrivesdirect': 0.891, 'usapartsdirect_tweakers': 0.85}",harddrivesdirect_16161749-sillworks_13960291,False,disagreement_post_graph,162
0.879,0.872,0.875,0.8576666666666667,0.843,0.876,0.8151666666666665,"{'sillworks_tweakers': 0.789, 'harddrivesdirect_tweakers': 0.834, 'harddrivesdirect_sillworks': 0.885, 'usapartsdirect_sillworks': 0.891, 'usapartsdirect_harddrivesdirect': 0.885, 'usapartsdirect_tweakers': 0.862}",usapartsdirect_2369321-sillworks_14076230,False,disagreement_post_graph,163
0.879,0.862,0.871,0.8496666666666667,0.843,0.877,0.8153333333333332,"{'sillworks_tweakers': 0.776, 'harddrivesdirect_tweakers': 0.813, 'harddrivesdirect_sillworks': 0.881, 'usapartsdirect_sillworks': 0.887, 'usapartsdirect_harddrivesdirect': 0.888, 'usapartsdirect_tweakers': 0.853}",usapartsdirect_11762115-sillworks_2459535,True,disagreement_post_graph,164
0.871,0.872,0.871,0.8543333333333334,0.843,0.879,0.8163333333333332,"{'sillworks_tweakers': 0.777, 'harddrivesdirect_tweakers': 0.83, 'harddrivesdirect_sillworks': 0.884, 'usapartsdirect_sillworks': 0.884, 'usapartsdirect_harddrivesdirect': 0.881, 'usapartsdirect_tweakers': 0.87}",usapartsdirect_15322689-harddrivesdirect_16717227,True,disagreement_post_graph,165
0.879,0.873,0.876,0.8608333333333333,0.843,0.874,0.815,"{'sillworks_tweakers': 0.809, 'harddrivesdirect_tweakers': 0.84, 'harddrivesdirect_sillworks': 0.887, 'usapartsdirect_sillworks': 0.884, 'usapartsdirect_harddrivesdirect': 0.886, 'usapartsdirect_tweakers': 0.859}",usapartsdirect_613089-sillworks_7910477,False,disagreement_post_graph,166
0.882,0.862,0.872,0.8563333333333333,0.843,0.876,0.8151666666666665,"{'sillworks_tweakers': 0.783, 'harddrivesdirect_tweakers': 0.829, 'harddrivesdirect_sillworks': 0.881, 'usapartsdirect_sillworks': 0.879, 'usapartsdirect_harddrivesdirect': 0.889, 'usapartsdirect_tweakers': 0.877}",usapartsdirect_7072907-sillworks_280436,False,disagreement_post_graph,167
0.887,0.86,0.873,0.8506666666666667,0.843,0.875,0.8151666666666665,"{'sillworks_tweakers': 0.773, 'harddrivesdirect_tweakers': 0.808, 'harddrivesdirect_sillworks': 0.887, 'usapartsdirect_sillworks': 0.887, 'usapartsdirect_harddrivesdirect': 0.89, 'usapartsdirect_tweakers': 0.859}",usapartsdirect_17501586-sillworks_5882419,True,disagreement_post_graph,168
0.882,0.858,0.87,0.8415,0.842,0.874,0.815,"{'sillworks_tweakers': 0.767, 'harddrivesdirect_tweakers': 0.808, 'harddrivesdirect_sillworks': 0.886, 'usapartsdirect_sillworks': 0.884, 'usapartsdirect_harddrivesdirect': 0.891, 'usapartsdirect_tweakers': 0.813}",usapartsdirect_1045449-sillworks_8758049,True,disagreement_post_graph,169
0.888,0.866,0.877,0.8496666666666667,0.843,0.867,0.8155,"{'sillworks_tweakers': 0.762, 'harddrivesdirect_tweakers': 0.812, 'harddrivesdirect_sillworks': 0.893, 'usapartsdirect_sillworks': 0.9, 'usapartsdirect_harddrivesdirect': 0.89, 'usapartsdirect_tweakers': 0.841}",harddrivesdirect_6537345-sillworks_3707834,False,disagreement_post_graph,170
0.886,0.86,0.873,0.8468333333333334,0.844,0.873,0.8156666666666667,"{'sillworks_tweakers': 0.776, 'harddrivesdirect_tweakers': 0.812, 'harddrivesdirect_sillworks': 0.885, 'usapartsdirect_sillworks': 0.891, 'usapartsdirect_harddrivesdirect': 0.892, 'usapartsdirect_tweakers': 0.825}",usapartsdirect_1379332-sillworks_3362998,False,disagreement_post_graph,171
0.899,0.86,0.879,0.8561666666666666,0.843,0.872,0.8151666666666665,"{'sillworks_tweakers': 0.773, 'harddrivesdirect_tweakers': 0.825, 'harddrivesdirect_sillworks': 0.886, 'usapartsdirect_sillworks': 0.904, 'usapartsdirect_harddrivesdirect': 0.899, 'usapartsdirect_tweakers': 0.85}",harddrivesdirect_16383612-sillworks_1846734,False,disagreement_post_graph,172
0.892,0.862,0.876,0.8575,0.843,0.879,0.8151666666666665,"{'sillworks_tweakers': 0.783, 'harddrivesdirect_tweakers': 0.825, 'harddrivesdirect_sillworks': 0.887, 'usapartsdirect_sillworks': 0.889, 'usapartsdirect_harddrivesdirect': 0.893, 'usapartsdirect_tweakers': 0.868}",usapartsdirect_1769561-harddrivesdirect_7935200,False,disagreement_post_graph,173
0.897,0.866,0.881,0.8688333333333333,0.843,0.878,0.8151666666666665,"{'sillworks_tweakers': 0.833, 'harddrivesdirect_tweakers': 0.83, 'harddrivesdirect_sillworks': 0.89, 'usapartsdirect_sillworks': 0.897, 'usapartsdirect_harddrivesdirect': 0.886, 'usapartsdirect_tweakers': 0.877}",usapartsdirect_12565345-sillworks_2517083,False,disagreement_post_graph,174
0.896,0.864,0.88,0.8596666666666666,0.844,0.882,0.8155,"{'sillworks_tweakers': 0.783, 'harddrivesdirect_tweakers': 0.834, 'harddrivesdirect_sillworks': 0.888, 'usapartsdirect_sillworks': 0.9, 'usapartsdirect_harddrivesdirect': 0.894, 'usapartsdirect_tweakers': 0.859}",sillworks_11400216-tweakers_14345980,True,disagreement_post_graph,175
0.911,0.852,0.88,0.8569999999999999,0.845,0.879,0.8163333333333332,"{'sillworks_tweakers': 0.787, 'harddrivesdirect_tweakers': 0.812, 'harddrivesdirect_sillworks': 0.888, 'usapartsdirect_sillworks': 0.908, 'usapartsdirect_harddrivesdirect': 0.897, 'usapartsdirect_tweakers': 0.85}",harddrivesdirect_12217533-sillworks_5775852,False,disagreement_post_graph,176
0.904,0.868,0.885,0.8651666666666666,0.845,0.877,0.8175,"{'sillworks_tweakers': 0.78, 'harddrivesdirect_tweakers': 0.834, 'harddrivesdirect_sillworks': 0.898, 'usapartsdirect_sillworks': 0.904, 'usapartsdirect_harddrivesdirect': 0.898, 'usapartsdirect_tweakers': 0.877}",harddrivesdirect_8390082-sillworks_15898470,True,disagreement_post_graph,177
0.901,0.85,0.875,0.8553333333333333,0.846,0.879,0.8168333333333333,"{'sillworks_tweakers': 0.78, 'harddrivesdirect_tweakers': 0.823, 'harddrivesdirect_sillworks': 0.875, 'usapartsdirect_sillworks': 0.899, 'usapartsdirect_harddrivesdirect': 0.896, 'usapartsdirect_tweakers': 0.859}",usapartsdirect_4150041-tweakers_2653564,True,disagreement_post_graph,178
0.905,0.847,0.875,0.8511666666666667,0.846,0.875,0.818,"{'sillworks_tweakers': 0.767, 'harddrivesdirect_tweakers': 0.834, 'harddrivesdirect_sillworks': 0.886, 'usapartsdirect_sillworks': 0.895, 'usapartsdirect_harddrivesdirect': 0.893, 'usapartsdirect_tweakers': 0.832}",usapartsdirect_10109004-sillworks_11694199,True,disagreement_post_graph,179
0.906,0.862,0.884,0.8683333333333333,0.847,0.879,0.8165,"{'sillworks_tweakers': 0.813, 'harddrivesdirect_tweakers': 0.834, 'harddrivesdirect_sillworks': 0.893, 'usapartsdirect_sillworks': 0.896, 'usapartsdirect_harddrivesdirect': 0.897, 'usapartsdirect_tweakers': 0.877}",usapartsdirect_4101023-harddrivesdirect_3906386,True,disagreement_post_graph,180
0.906,0.844,0.874,0.8525,0.847,0.88,0.8184999999999999,"{'sillworks_tweakers': 0.802, 'harddrivesdirect_tweakers': 0.823, 'harddrivesdirect_sillworks': 0.879, 'usapartsdirect_sillworks': 0.896, 'usapartsdirect_harddrivesdirect': 0.892, 'usapartsdirect_tweakers': 0.823}",harddrivesdirect_3477370-sillworks_10936276,False,disagreement_post_graph,181
0.909,0.841,0.874,0.8408333333333333,0.847,0.879,0.8181666666666666,"{'sillworks_tweakers': 0.76, 'harddrivesdirect_tweakers': 0.806, 'harddrivesdirect_sillworks': 0.884, 'usapartsdirect_sillworks': 0.904, 'usapartsdirect_harddrivesdirect': 0.898, 'usapartsdirect_tweakers': 0.793}",harddrivesdirect_16683477-sillworks_7354460,True,disagreement_post_graph,182
0.908,0.857,0.882,0.8658333333333332,0.846,0.872,0.8176666666666667,"{'sillworks_tweakers': 0.804, 'harddrivesdirect_tweakers': 0.834, 'harddrivesdirect_sillworks': 0.884, 'usapartsdirect_sillworks': 0.908, 'usapartsdirect_harddrivesdirect': 0.895, 'usapartsdirect_tweakers': 0.87}",usapartsdirect_13182245-harddrivesdirect_1772871,True,disagreement_post_graph,183
0.909,0.864,0.886,0.8706666666666666,0.847,0.883,0.8156666666666667,"{'sillworks_tweakers': 0.821, 'harddrivesdirect_tweakers': 0.83, 'harddrivesdirect_sillworks': 0.886, 'usapartsdirect_sillworks': 0.907, 'usapartsdirect_harddrivesdirect': 0.903, 'usapartsdirect_tweakers': 0.877}",usapartsdirect_13858241-sillworks_5086465,True,disagreement_post_graph,184
0.912,0.845,0.877,0.8498333333333333,0.847,0.884,0.818,"{'sillworks_tweakers': 0.756, 'harddrivesdirect_tweakers': 0.829, 'harddrivesdirect_sillworks': 0.886, 'usapartsdirect_sillworks': 0.911, 'usapartsdirect_harddrivesdirect': 0.892, 'usapartsdirect_tweakers': 0.825}",usapartsdirect_13232903-sillworks_10936276,True,disagreement_post_graph,185
0.896,0.862,0.879,0.8603333333333333,0.847,0.88,0.8176666666666667,"{'sillworks_tweakers': 0.802, 'harddrivesdirect_tweakers': 0.834, 'harddrivesdirect_sillworks': 0.888, 'usapartsdirect_sillworks': 0.896, 'usapartsdirect_harddrivesdirect': 0.892, 'usapartsdirect_tweakers': 0.85}",harddrivesdirect_7563385-sillworks_3068337,True,disagreement_post_graph,186
0.897,0.86,0.878,0.8616666666666668,0.847,0.882,0.819,"{'sillworks_tweakers': 0.789, 'harddrivesdirect_tweakers': 0.836, 'harddrivesdirect_sillworks': 0.879, 'usapartsdirect_sillworks': 0.901, 'usapartsdirect_harddrivesdirect': 0.895, 'usapartsdirect_tweakers': 0.87}",usapartsdirect_7442038-harddrivesdirect_11638086,True,disagreement_post_graph,187
0.905,0.86,0.882,0.8639999999999999,0.85,0.881,0.8195,"{'sillworks_tweakers': 0.787, 'harddrivesdirect_tweakers': 0.834, 'harddrivesdirect_sillworks': 0.888, 'usapartsdirect_sillworks': 0.897, 'usapartsdirect_harddrivesdirect': 0.901, 'usapartsdirect_tweakers': 0.877}",harddrivesdirect_8521586-sillworks_3959294,False,disagreement_post_graph,188
0.912,0.855,0.883,0.8613333333333334,0.85,0.885,0.8213333333333334,"{'sillworks_tweakers': 0.776, 'harddrivesdirect_tweakers': 0.834, 'harddrivesdirect_sillworks': 0.892, 'usapartsdirect_sillworks': 0.907, 'usapartsdirect_harddrivesdirect': 0.897, 'usapartsdirect_tweakers': 0.862}",harddrivesdirect_10900497-sillworks_14249568,False,disagreement_post_graph,189
0.906,0.847,0.876,0.8531666666666666,0.849,0.882,0.8193333333333332,"{'sillworks_tweakers': 0.769, 'harddrivesdirect_tweakers': 0.834, 'harddrivesdirect_sillworks': 0.882, 'usapartsdirect_sillworks': 0.899, 'usapartsdirect_harddrivesdirect': 0.894, 'usapartsdirect_tweakers': 0.841}",harddrivesdirect_5483479-sillworks_15376227,True,disagreement_post_graph,190
0.913,0.855,0.883,0.8564999999999999,0.851,0.873,0.8218333333333333,"{'sillworks_tweakers': 0.76, 'harddrivesdirect_tweakers': 0.823, 'harddrivesdirect_sillworks': 0.89, 'usapartsdirect_sillworks': 0.913, 'usapartsdirect_harddrivesdirect': 0.903, 'usapartsdirect_tweakers': 0.85}",usapartsdirect_10421661-sillworks_9544443,False,disagreement_post_graph,191
0.913,0.851,0.881,0.8541666666666666,0.852,0.88,0.8215,"{'sillworks_tweakers': 0.783, 'harddrivesdirect_tweakers': 0.834, 'harddrivesdirect_sillworks': 0.889, 'usapartsdirect_sillworks': 0.903, 'usapartsdirect_harddrivesdirect': 0.903, 'usapartsdirect_tweakers': 0.813}",usapartsdirect_1902154-harddrivesdirect_3638752,True,disagreement_post_graph,192
0.919,0.852,0.885,0.8623333333333334,0.851,0.882,0.8218333333333332,"{'sillworks_tweakers': 0.78, 'harddrivesdirect_tweakers': 0.834, 'harddrivesdirect_sillworks': 0.895, 'usapartsdirect_sillworks': 0.906, 'usapartsdirect_harddrivesdirect': 0.9, 'usapartsdirect_tweakers': 0.859}",usapartsdirect_9235129-harddrivesdirect_15291435,False,disagreement_post_graph,193
0.912,0.855,0.883,0.8636666666666667,0.852,0.883,0.8223333333333332,"{'sillworks_tweakers': 0.787, 'harddrivesdirect_tweakers': 0.834, 'harddrivesdirect_sillworks': 0.885, 'usapartsdirect_sillworks': 0.91, 'usapartsdirect_harddrivesdirect': 0.898, 'usapartsdirect_tweakers': 0.868}",harddrivesdirect_6539476-sillworks_8289552,True,disagreement_post_graph,194
0.905,0.86,0.882,0.86,0.852,0.88,0.8248333333333333,"{'sillworks_tweakers': 0.762, 'harddrivesdirect_tweakers': 0.834, 'harddrivesdirect_sillworks': 0.889, 'usapartsdirect_sillworks': 0.908, 'usapartsdirect_harddrivesdirect': 0.899, 'usapartsdirect_tweakers': 0.868}",harddrivesdirect_13443020-sillworks_5128483,True,disagreement_post_graph,195
0.91,0.855,0.882,0.8686666666666666,0.853,0.88,0.8253333333333334,"{'sillworks_tweakers': 0.819, 'harddrivesdirect_tweakers': 0.834, 'harddrivesdirect_sillworks': 0.882, 'usapartsdirect_sillworks': 0.903, 'usapartsdirect_harddrivesdirect': 0.897, 'usapartsdirect_tweakers': 0.877}",harddrivesdirect_8759606-tweakers_10571270,False,disagreement_post_graph,196
0.901,0.862,0.881,0.8643333333333333,0.853,0.882,0.8278333333333333,"{'sillworks_tweakers': 0.793, 'harddrivesdirect_tweakers': 0.834, 'harddrivesdirect_sillworks': 0.888, 'usapartsdirect_sillworks': 0.899, 'usapartsdirect_harddrivesdirect': 0.895, 'usapartsdirect_tweakers': 0.877}",usapartsdirect_9201709-harddrivesdirect_12330869,True,disagreement_post_graph,197
0.914,0.859,0.885,0.8603333333333335,0.854,0.876,0.8283333333333333,"{'sillworks_tweakers': 0.769, 'harddrivesdirect_tweakers': 0.823, 'harddrivesdirect_sillworks': 0.894, 'usapartsdirect_sillworks': 0.91, 'usapartsdirect_harddrivesdirect': 0.907, 'usapartsdirect_tweakers': 0.859}",usapartsdirect_5774703-tweakers_12011069,False,disagreement_post_graph,198
0.91,0.86,0.885,0.8648333333333333,0.852,0.882,0.8276666666666667,"{'sillworks_tweakers': 0.789, 'harddrivesdirect_tweakers': 0.834, 'harddrivesdirect_sillworks': 0.889, 'usapartsdirect_sillworks': 0.905, 'usapartsdirect_harddrivesdirect': 0.904, 'usapartsdirect_tweakers': 0.868}",usapartsdirect_6411283-sillworks_13243582,True,disagreement_post_graph,199
0.906,0.852,0.878,0.8535,0.853,0.883,0.8281666666666667,"{'sillworks_tweakers': 0.76, 'harddrivesdirect_tweakers': 0.812, 'harddrivesdirect_sillworks': 0.883, 'usapartsdirect_sillworks': 0.902, 'usapartsdirect_harddrivesdirect': 0.905, 'usapartsdirect_tweakers': 0.859}",sillworks_11648643-tweakers_8103953,False,disagreement_post_graph,200
0.912,0.86,0.885,0.8614999999999999,0.854,0.878,0.8295,"{'sillworks_tweakers': 0.78, 'harddrivesdirect_tweakers': 0.834, 'harddrivesdirect_sillworks': 0.895, 'usapartsdirect_sillworks': 0.906, 'usapartsdirect_harddrivesdirect': 0.904, 'usapartsdirect_tweakers': 0.85}",usapartsdirect_2619822-harddrivesdirect_237423,True,disagreement_post_graph,201
0.902,0.866,0.884,0.8688333333333333,0.856,0.878,0.8303333333333334,"{'sillworks_tweakers': 0.813, 'harddrivesdirect_tweakers': 0.834, 'harddrivesdirect_sillworks': 0.883, 'usapartsdirect_sillworks': 0.906, 'usapartsdirect_harddrivesdirect': 0.9, 'usapartsdirect_tweakers': 0.877}",usapartsdirect_11803779-sillworks_8450293,False,disagreement_post_graph,202
0.912,0.862,0.886,0.8636666666666666,0.854,0.882,0.8296666666666667,"{'sillworks_tweakers': 0.78, 'harddrivesdirect_tweakers': 0.834, 'harddrivesdirect_sillworks': 0.893, 'usapartsdirect_sillworks': 0.907, 'usapartsdirect_harddrivesdirect': 0.909, 'usapartsdirect_tweakers': 0.859}",usapartsdirect_5982851-sillworks_11226592,False,disagreement_post_graph,203
0.914,0.852,0.882,0.8578333333333333,0.855,0.879,0.8301666666666666,"{'sillworks_tweakers': 0.76, 'harddrivesdirect_tweakers': 0.829, 'harddrivesdirect_sillworks': 0.891, 'usapartsdirect_sillworks': 0.906, 'usapartsdirect_harddrivesdirect': 0.902, 'usapartsdirect_tweakers': 0.859}",harddrivesdirect_3477370-sillworks_8198120,False,disagreement_post_graph,204
0.911,0.844,0.876,0.8450000000000001,0.854,0.878,0.8296666666666667,"{'sillworks_tweakers': 0.746, 'harddrivesdirect_tweakers': 0.806, 'harddrivesdirect_sillworks': 0.885, 'usapartsdirect_sillworks': 0.908, 'usapartsdirect_harddrivesdirect': 0.902, 'usapartsdirect_tweakers': 0.823}",harddrivesdirect_11895528-sillworks_9525354,False,disagreement_post_graph,205
0.906,0.861,0.883,0.8621666666666666,0.855,0.877,0.8298333333333333,"{'sillworks_tweakers': 0.773, 'harddrivesdirect_tweakers': 0.834, 'harddrivesdirect_sillworks': 0.887, 'usapartsdirect_sillworks': 0.91, 'usapartsdirect_harddrivesdirect': 0.901, 'usapartsdirect_tweakers': 0.868}",harddrivesdirect_8802042-sillworks_17048484,True,disagreement_post_graph,206
0.914,0.858,0.885,0.8666666666666666,0.855,0.88,0.8300000000000001,"{'sillworks_tweakers': 0.787, 'harddrivesdirect_tweakers': 0.834, 'harddrivesdirect_sillworks': 0.889, 'usapartsdirect_sillworks': 0.912, 'usapartsdirect_harddrivesdirect': 0.901, 'usapartsdirect_tweakers': 0.877}",harddrivesdirect_3136364-sillworks_7813169,True,disagreement_post_graph,207
0.914,0.862,0.887,0.8614999999999999,0.855,0.882,0.8298333333333333,"{'sillworks_tweakers': 0.773, 'harddrivesdirect_tweakers': 0.829, 'harddrivesdirect_sillworks': 0.894, 'usapartsdirect_sillworks': 0.917, 'usapartsdirect_harddrivesdirect': 0.906, 'usapartsdirect_tweakers': 0.85}",harddrivesdirect_9902157-sillworks_13953583,True,disagreement_post_graph,208
0.912,0.862,0.886,0.8653333333333334,0.855,0.881,0.8298333333333333,"{'sillworks_tweakers': 0.773, 'harddrivesdirect_tweakers': 0.834, 'harddrivesdirect_sillworks': 0.893, 'usapartsdirect_sillworks': 0.915, 'usapartsdirect_harddrivesdirect': 0.9, 'usapartsdirect_tweakers': 0.877}",harddrivesdirect_15599438-tweakers_17363121,True,disagreement_post_graph,209
0.906,0.862,0.884,0.8640000000000002,0.855,0.881,0.8300000000000001,"{'sillworks_tweakers': 0.787, 'harddrivesdirect_tweakers': 0.834, 'harddrivesdirect_sillworks': 0.891, 'usapartsdirect_sillworks': 0.901, 'usapartsdirect_harddrivesdirect': 0.903, 'usapartsdirect_tweakers': 0.868}",usapartsdirect_14809302-harddrivesdirect_12486019,False,disagreement_post_graph,210
0.918,0.851,0.883,0.8515,0.855,0.884,0.8298333333333333,"{'sillworks_tweakers': 0.76, 'harddrivesdirect_tweakers': 0.806, 'harddrivesdirect_sillworks': 0.902, 'usapartsdirect_sillworks': 0.906, 'usapartsdirect_harddrivesdirect': 0.903, 'usapartsdirect_tweakers': 0.832}",usapartsdirect_1769561-sillworks_12724046,False,disagreement_post_graph,211
0.919,0.842,0.879,0.8373333333333334,0.855,0.876,0.8301666666666668,"{'sillworks_tweakers': 0.753, 'harddrivesdirect_tweakers': 0.77, 'harddrivesdirect_sillworks': 0.897, 'usapartsdirect_sillworks': 0.918, 'usapartsdirect_harddrivesdirect': 0.903, 'usapartsdirect_tweakers': 0.783}",harddrivesdirect_10527118-tweakers_10917977,False,disagreement_post_graph,212
